<?xml version="1.0" encoding="UTF-8" standalone="yes"?>
<addon id="metadata.onlynfo"
       name="Only NFO"
       version="1.0.0"
       provider-name="Regss">
    <requires>
    <import addon="xbmc.metadata" version="2.1.0" />
    </requires>
    <extension point="xbmc.metadata.scraper.movies"
               language="pl"
               library="onlynfo.xml" />
    <extension point="xbmc.addon.metadata">
        <summary>Only NFO</summary>
        <description>-</description>
        <platform>all</platform>
    </extension>
</addon>