<?xml version="1.0" encoding="UTF-8" standalone="yes"?>
<addon id="metadata.onlynfo"
       name="Only NFO"
       version="1.0.2"
       provider-name="TEAM XBMC.org.pl">
    <requires>
    <import addon="xbmc.metadata" version="2.1.0" />
    </requires>
    <extension point="xbmc.metadata.scraper.movies"
               language="pl"
               library="onlynfo.xml" />
    <extension point="xbmc.addon.metadata">
        <summary>Only NFO</summary>        
		<summary lang="en">Downloads only data from NFO files</summary>
        <summary lang="pl">Pobiera dane wyłącznie z plików nfo</summary>
		
		<description lang="en">Downloads only data from NFO files</description>
        <description lang="pl">Pobiera dane wyłącznie z plików nfo. Dzięki temu znacznie przyśpiesza ładowanie materiałów opisanych za pomocą zewnętrzbych programów (media managerów).</description>
        <platform>all</platform>
    </extension>
</addon>