<?xml version="1.0" encoding="utf-8" standalone="yes"?>
<scraper framework="1.1" date="2013-09-05">
    <NfoUrl dest="3">
        <RegExp input="$$1" output="&lt;url&gt;127.0.0.1&lt;/url&gt;" dest="3">
            <expression noclean="1" />
        </RegExp>
    </NfoUrl>
    <CreateSearchUrl dest="3">
        <RegExp input="$$1" output="&lt;url&gt;127.0.0.1&lt;/url&gt;" dest="3">
            <expression noclean="1" />
        </RegExp>
    </CreateSearchUrl>
    <GetSearchResults dest="3">
        <RegExp input="$$1" output="&lt;url&gt;127.0.0.1&lt;/url&gt;" dest="3">
            <expression noclean="1" />
        </RegExp>
    </GetSearchResults>
    <GetDetails dest="3">
        <RegExp input="$$1" output="" dest="3">
            <expression noclean="1" />
        </RegExp>
    </GetDetails>
</scraper>